{
  "config": {
    "n_cells": 5000,
    "n_genes": 2000,
    "n_patients": 10,
    "hidden_dim": 64,
    "latent_dim": 32,
    "n_heads": 4,
    "dropout": 0.2,
    "n_neg_samples": 5,
    "lambda1": 1.0,
    "lambda2": 0.5,
    "beta": 0.01,
    "beta_warmup_epochs": 50,
    "gamma": 0.1,
    "lr": 0.001,
    "epochs_phase1": 100,
    "epochs_phase2": 50,
    "patience": 50,
    "max_grad_norm": 1.0,
    "device": "cuda"
  },
  "phase1_metrics": {
    "loss_adj": 4.3262553215026855,
    "loss_expr": 1.7900795936584473
  },
  "clustering": {
    "n_clusters": 20,
    "silhouette": -0.0018756971694529057
  },
  "prediction": {
    "auroc": 0.27999999999999997,
    "auprc": 0.4301587301587302,
    "accuracy": 0.5,
    "precision": 0.0,
    "recall": 0.0,
    "f1": 0.0
  },
  "rare_cells": {
    "n_rare": 159,
    "threshold": 2.0
  },
  "gate": {
    "mean": 0.4839896559715271,
    "std": 0.08876825869083405
  }
}